,Title,Published_date,Views,Comments,Likes,Month
0,The Wonderment Tour tickets are live now. @ARRahman #shorts,2025-04-16,8978,61,750,Apr
1,Nadaan Parinde | The Wonderment Tour @ARRahman,2025-04-16,67464,254,5279,Apr
2,‡Æá‡Æ©‡Æø‡ÆØ ‡Æ§‡ÆÆ‡Æø‡Æ¥‡Øç ‡Æ™‡ØÅ‡Æ§‡Øç‡Æ§‡Ææ‡Æ£‡Øç‡Æü‡ØÅ ‡Æ®‡Æ≤‡Øç‡Æµ‡Ææ‡Æ¥‡Øç‡Æ§‡Øç‡Æ§‡ØÅ‡Æï‡Æ≥‡Øç üå∏üåπ,2025-04-14,100522,474,9710,Apr
3,The Wonderment Tour | ‚Ä™USA Tour | 2025 | @ARRahman,2025-03-19,35304,147,1787,Mar
4,A.R. Rahman‚Äôs Address as Trinity Laban Honorary President | @ARRahman,2024-12-24,64790,231,2473,Dec
5,AR Rahman Live in Abu Dhabi: Highlights | @ARRahman,2024-11-12,127467,210,3179,Nov
6,Full Album | Le Musk | AR Rahman | Jukebox | @ARRahman,2024-10-03,91267,249,2507,Oct
7,Oh Raaya Song ft. Dhanush | Raayan Movie Soundtrack | @ARRahman,2024-08-10,587454,766,24614,Aug
8,AR Rahman Malaysia Highlights 2024 | @ARRahman,2024-08-09,118073,203,3506,Aug
9,Legendary Singers & Firdaus Orchestra Perform ‚Äã@ARRahman‚Äôs Music at Anant & Radhika Ambani's Wedding,2024-08-04,169390,165,3777,Aug
10,See you Malaysia on 27th July | A R Rahman Live | Kuala Lumpur,2024-07-24,264400,568,6681,Jul
11,Congrats to India on the T20 World Cup Win | Team India Hai¬†Hum¬†|¬†@ARRahman,2024-06-30,513609,396,28867,Jun
12,Architect Of Peace Garden | @ARRahman | Blue Cube Architects,2024-05-08,83115,100,2724,May
13,Introducing Secret Mountain | @ARRahman | #hbar,2024-02-14,1021689,199,4151,Feb
14,Rahman's Full Interview With BBC's Presenter Matthew - Talking About Lal Salaam And The Future Of AI,2024-02-02,196015,136,3990,Feb
15,Marakkuma Nenjam Concert |  @ARRahman ‚Äã,2023-09-24,258975,0,6763,Sep
16,Le Chalaang Official Anthem (Tamil)  | A.R. Rahman | Mahindra,2023-08-16,223555,388,6643,Aug
17,Le Chalaang Official Anthem | A.R. Rahman | Mahindra,2023-08-16,100917,217,2949,Aug
18,Mark the occasion of India‚Äôs 77th Independence Day and listen Album ‚ÄòVande Mataram‚Äô¬†on¬†YouTube,2023-08-14,374651,288,28420,Aug
19,Wings of Love | Sufi Experience | Save Lightman Fund | @ARRahman,2023-06-28,216025,284,7844,Jun
20,‚Äã@KhatijaRahman | Music And I,2023-04-26,422329,944,13799,Apr
21,Veera Raja Veera Live | PS 2 Audio Launch | Mani Ratnam | Tips| Madras Talkies | Lyca Productions,2023-04-14,1385011,340,81554,Apr
22,Wings of Love | The @ARRahman Sufi Experience,2023-03-18,24044,66,966,Mar
23,Creating Magic with Music | A conversation with @ARRahman  and L Subramaniam,2023-03-15,156693,254,4081,Mar
24,Happy International Women's Day | @ARRahman,2023-03-08,399104,502,13610,Mar
25,Le Musk Immersive Experience: Highlights from LA Infinity Festival | @ARRahman,2023-02-24,39681,87,1542,Feb
26,The Garden Of Our Heart | Firdaus Orchestra | Sunmisola Agbebi | @ARRahman,2023-02-14,201147,588,7147,Feb
27,Thank you video Guwahati  üíôüëè |  @ARRahman   #shorts,2023-02-07,270231,182,18203,Feb
28,Thank you video Malaysia üíôüëè | @ARRahman #shorts,2023-02-02,221298,171,15993,Feb
29,Tribute To Prof. V Lakshminarayan | Don't Leave Me - L Subramaniam X A. R. Rahman Ft. 3 Generations,2023-01-18,184223,468,5981,Jan
30,KATRAAR | Web 3.0 with Digital Collectibles & Metaverse Project | @ARRahman | HBAR foundation,2023-01-06,53343,288,2838,Jan
31,Infinite Love - 10 Years Celebration | Blaaze | @ARRahman,2022-12-14,1356149,288,7532,Dec
32,Happy Birthday Rajinikanth ji üéÇ |  Le Musk  | @ARRahman,2022-12-12,403616,274,18272,Dec
33,"Le Musk | Screening At Sunset Boulevard, LA This November | @ARRahman",2022-10-19,150305,151,4279,Oct
34,Inspiration behind #PS1 Ponniyin Selvan Album @ARRahman   #shorts,2022-09-28,134530,41,6918,Sep
35,All Access Tour | North America Tour 2022 | After Movie | @ARRahman,2022-09-21,114062,273,4615,Sep
36,Rakshas Mama Re Song | PS1 | Out Now #ARRahman | #Shorts,2022-09-13,350438,64,16521,Sep
37,Katraar | Imagination - Innovation #Shorts,2022-08-18,46601,53,2677,Aug
38,44TH Chess Olympiad 2022 Anthem | FT. Hon Chief Minister MK Stalin | @ARRahman | Vignesh Shivan,2022-07-21,664161,1115,32385,Jul
39,A New Rendition Of Moonlight Sonata | Arranged By A.R. Rahman | Now Streaming on Apple Music,2022-06-26,215533,456,11277,Jun
40,World Music Day: A.R. Rahman and Sukhwinder Singh's Journey as Artists and Collaborators,2022-06-21,158042,252,6015,Jun
41,The Future of Entertainment: People React to ‚ÄòLe Musk‚Äô | A. R. Rahman,2022-06-08,83212,174,3937,Jun
42,My Pain | A.R. Rahman | Dana Dajani | Gouri Viravalli | Firdaus Sessions - Expo 2020 Dubai,2022-05-26,62607,167,2821,May
43,All-Access AR Rahman Tour | North America Tour 2022 | PROMO,2022-04-30,66792,98,2202,Apr
44,All Access | North America Tour 2022 | A. R. Rahman | #Shorts,2022-04-27,186381,77,11564,Apr
45,North America Tour | All Access @ARRahman,2022-04-15,44823,105,1884,Apr
46,Thamarai's Interview - Moopilla Thamizhe Thaaye | A. R. Rahman | (Tamil Anthem),2022-04-01,150684,549,6939,Apr
47,Dafa Kar -  Heropanti 2 | Tiger Shroff | Tara Sutaria | Nawazuddin Siddiqui  @ARRahman #Shorts,2022-03-26,141557,106,8070,Mar
48,A. R. Rahman X NFT | Vignesh | HBAR Foundation,2022-03-03,26969,44,1011,Mar
49,A. R. Rahman X NFT | Alex Russman | HBAR Foundation,2022-03-03,22625,60,1028,Mar
50,Untold Stories | Firdaus Sessions - Expo 2020 Dubai | @ARRahman  | Seeta Qasemi,2022-02-17,98325,225,3488,Feb
51,Tribute to Lata Mangeshkar Ji | @ARRahman,2022-02-06,978707,990,37015,Feb
52,Firdaus Studio Sessions -  Expo 2020 Dubai   | A.R. Rahman | Nirmika Singh,2022-02-05,41430,124,1857,Feb
53,Why? The Musical | Catch The Breeze,2022-02-04,50014,172,2434,Feb
54,Firdaus Sessions - Expo 2020 Dubai | A.R. Rahman | Dana Dajani,2022-02-02,67099,211,3360,Feb
55,Why? The Musical | Time and Space,2022-01-31,70298,285,3922,Jan
56,Param Sundari - 500 Million Views and counting! #Shorts,2022-01-17,120982,100,5680,Jan
57,Why? The Musical | Dance Of The Atoms,2022-01-08,177818,603,9566,Jan
58,Special Birthday Wishes From @Firdaus_Orchestra #Shorts,2022-01-07,192573,167,11796,Jan
59,In conversation with A. R. Rahman | #AMAwithARR,2022-01-06,135858,624,6885,Jan
60,Why? The Musical | BANG!,2022-01-03,60598,285,2895,Jan
61,Expo 2020 Dubai Presents Shekhar Kapur and A.R. Rahman‚Äôs Why? The Musical | Why Why Why,2021-12-29,68515,204,3133,Dec
62,Little Little Song | Atrangi Re | Out Now  #Shorts,2021-12-20,508090,114,28238,Dec
63,"Garda Song Out Now | Atrangi Re | A. R. Rahman | Akshay K, Sara A K, Dhanush, Daler M | #Shorts",2021-12-15,115979,45,5444,Dec
64,Atrangi Re Album Launch | A Musical Night with A.R. Rahman,2021-12-06,356338,449,16925,Dec
65,Farishton Live @theExpoCityDubai  | @KhatijaRahman & Firdaus Orchestra | @ARRahman,2021-11-22,1964373,4611,67190,Nov
66,"Ship Of Human Endeavour | Shekhar Kapur, A. R. Rahman| Artist In Motion |Expo 2020 Dubai | #Shorts",2021-11-17,66299,48,2559,Nov
67,"‚ÄòRockstar‚Äô Reunion | A.R. Rahman, Ranbir Kapoor, Imtiaz Ali and More #10YearsOfRockstar",2021-11-11,335832,1384,19616,Nov
68,Humanitas-Proorism√≥s-Al Amal | @ARRahman | Firdaus Orchestra,2021-10-20,52320,317,3506,Oct
69,Sai Shirdi Sai - Kannada Version | @ARRahman | Jonita Gandhi | 99 Songs | ‡≤∏‡≤æ‡≤Ø‡≤ø ‡≤∂‡≤ø‡≤∞‡≤°‡≤ø ‡≤∏‡≤æ‡≤Ø‡≤ø,2021-10-15,257053,4507,11226,Oct
70,Expo 2020 Dubai and A.R. Rahman Present Firdaus Orchestra,2021-09-22,418748,541,12670,Sep
71,A.R. Rahman Meets the Top 15 Musicians | #99SongsCoverStar Contest,2021-06-04,143972,237,5790,Jun
72,99 Songs Arrives on Netflix This May | Trailer (Hindi) | A.R. Rahman‚Äôs Musical Masterpiece,2021-05-19,104310,249,3819,May
73,99 Songs Arrives on Netflix This May | Trailer (Telugu) | A.R. Rahman‚Äôs Musical Masterpiece,2021-05-19,40412,73,1107,May
74,99 Songs Arrives on Netflix This May | Trailer (Tamil) | A.R. Rahman‚Äôs Musical Masterpiece,2021-05-19,71002,249,3571,May
75,Chennai Rooftop Jam | A.R. Rahman | Rang De Basanti | Veere Kadh De | Balleilakka,2021-04-21,4747926,4118,147338,Apr
76,Virtual Red Carpet with Edilsy Vargas: The Latina Leading Lady of 99 Songs,2021-04-20,94836,111,3082,Apr
77,"99 Songs | Digital Concert - Telugu | A. R. Rahman, Ehan Bhat | In Cinemas April 16th, 2021",2021-04-14,137236,391,4653,Apr
78,"99 Songs | Digital Concert - Hindi | A. R. Rahman, Ehan Bhat | In Cinemas April 16th, 2021",2021-04-14,781192,1406,22756,Apr
79,99 Songs | Score | The Enigma | A.R Rahman | Ehan Bhat | Edilsy Vargas| Lisa Ray | Manisha Koirala,2021-04-10,104666,288,4328,Apr
80,#AskMeAnything 99 Questions With Ehan Bhat - Part 3 | A.R. Rahman | 99 Songs,2021-04-09,49067,129,1788,Apr
81,#AskMeAnything  99 Questions With Ehan Bhat - Part 2  | A.R. Rahman | 99 Songs,2021-04-02,83339,117,2368,Apr
82,#AskMeAnything 99 Questions With Ehan Bhat - Part 1  | A.R. Rahman | 99 Songs,2021-03-31,65778,151,2549,Mar
83,99 Songs | Official Trailer (Hindi) | AR Rahman | Ehan Bhatt | Edilsy | Lisa Ray | Manisha Koirala,2021-03-23,10312996,836,25308,Mar
84,99 Songs | Official Trailer (Telugu) | AR Rahman | Ehan Bhatt | Edilsy | Lisa Ray | Manisha Koirala,2021-03-23,5033998,149,2533,Mar
85,99 Songs | Official Trailer (Tamil) | AR Rahman | Ehan Bhatt | Edilsy | Lisa Ray | Manisha Koirala,2021-03-23,5156592,755,21231,Mar
86,The AR Rahman Show | Fluid Pitch,2021-02-10,241614,919,18291,Feb
87,"FUTUREPROOF | A.R. Rahman | Representing Indian Creative Arts, Tech & Innovation Globally | Part 1",2021-01-20,416704,1298,30885,Jan
88,A R Rahman | The Mission Paani Anthem - Official Song | Prasoon Joshi | Harpic India | News18,2020-11-19,1649853,2068,38863,Nov
89,Original Soundtrack Jukebox | Muhammad 'The Messenger of God' | By A. R. Rahman ft. Le Trio Joubran,2020-11-17,172180,0,0,Nov
90,Swami V. Dakshinamoorthy & Kaviko In Conversation | A.R. Rahman | From The Archives,2020-10-25,370235,654,12340,Oct
91,Celebrating S. P. Balasubrahmanyam | A. R. Rahman,2020-09-26,2834344,3629,116786,Sep
92,25 Years of Rangeela | A.R. Rahman | Asha Bhosle | Udit Narayan | Hariharan & More,2020-09-19,874252,1489,24123,Sep
93,"A.R. Rahman | will.i.am | Rare Conversation About Music, Creativity and Future Collaboration",2020-09-09,614387,1149,31019,Sep
94,A.R. Rahman | Arijit Singh | In Conversation | All About Music 2020,2020-08-31,1617363,4504,73905,Aug
95,Sai Shirdi Sai - Official Music Video | A.R. Rahman | Bela Shende | 99 Songs,2020-07-05,3799339,2447,51403,Jul
96,Say No To Drugs | A.R. Rahman | International Day Against Drug Abuse and Illicit Trafficking,2020-06-26,264971,686,19237,Jun
97,Pray For Me Brother |  A.R. Rahman | BlaaZe,2020-06-09,393955,1098,19630,Jun
98,Stop Child Abuse Now | Call 1098 | Short Film,2020-06-05,100259,149,3547,Jun
99,Shikara - OST Jukebox - A.R. Rahman & Qutub-E-Kripa | Aadil & Sadia | Vidhu Vinod Chopra,2020-05-28,221548,749,8658,May
100,O Aashiqa - 99 Songs | A.R. Rahman ft. Shashwat Singh & Ehan Bhat,2020-05-25,444691,923,18028,May
101,Ahimsa Live | A.R. Rahman | U2 | AR Ameen | Various Artists,2020-05-19,311033,697,16356,May
102,A.R. Rahman | Hum Haar Nahin Maanenge - Official Song | Prasoon Joshi | HDFC Bank | Various Artists,2020-05-02,5923261,1744,48185,May
103,Hands Around The World - Trailer | A. R. Rahman | Ken Kragen | Neil Morgan,2020-04-22,155597,240,6257,Apr
104,Hands Around The World -  Song Intro | A.R. Rahman,2020-04-22,108755,234,4889,Apr
105,Honesty - Pink Sweat$ | Cover By A R Ameen,2019-12-30,377102,600,19294,Dec
106,Jingle Bell Rock | Raheema & Friends | Merry X'mas,2019-12-24,233051,320,9540,Dec
107,"Ahimsa Intro | By Raheema, Khatija and Friends | A R Rahman",2019-12-12,377223,270,10551,Dec
108,Light Upon Light | A. R. Rahman | Ft. Sami Yusuf,2019-11-09,497486,1257,20219,Nov
109,A. R. Rahman x A.R. Ameen | Jam Sessions,2019-10-21,10814127,4018,217204,Oct
110,YM Movies | A. R. Rahman,2019-10-09,55610,155,3488,Oct
111,Nis Din | A. R. Rahman | Ranjit Barot | Jonita Gandhi | Antara Nandy | Jammin Season 2,2019-09-10,6825525,774,29321,Sep
112,A.R. Rahman - For You My Love (O Bandeya) (Official Music Video),2019-09-06,4543889,2644,138319,Sep
113,A.R. Rahman - For You My Love (O Bandeya) (Audio),2019-08-09,163701,229,5791,Aug
114,Scent of a Song from Le Musk at Cannes XR,2019-05-20,40324,76,1415,May
115,A.R. Rahman - Gurus of Peace (Lyric Video) ft. Nusrat Fateh Ali Khan,2019-04-20,80363,91,2566,Apr
116,A. R. Rahman | Celebrating 10 Years of Slumdog Millionaire | Anil Kapoor | Gulzar | Sukhwinder Singh,2019-02-22,145281,206,6302,Feb
117,Pooja Tiwari | Dil Ki Harkatein | Official Music Video | #ARRivedSeries,2018-12-21,4964397,160,4237,Dec
118,Swagat Rathod | Voice Of Zero | #ARRivedSeries,2018-12-20,4012657,155,2624,Dec
119,Shah Rukh Khan | Anushka Sharma | Aanand L Rai | ZERO | #ARRivedSeries,2018-12-19,3816895,61,1493,Dec
120,"Season Finale | A. R. Rahman, Clinton Cerejo, Shaan, Vidya Vox  | #ARRivedSeries",2018-12-19,0,355,9555,Dec
121,"Season Finale | A. R. Rahman, Clinton Cerejo, Shaan, Vidya Vox  | #ARRivedSeries",2018-12-19,2665325,4560,21334,Dec
122,Recording Studio | Amrita Talukder | #ARRivedSeries,2018-12-19,101181,22,533,Dec
123,Recording Studio | Pooja Tiwari | #ARRivedSeries,2018-12-19,144414,31,1311,Dec
124,Recording Studio | Madhur Dhir | #ARRivedSeries,2018-12-19,72834,14,299,Dec
125,Recording Studio | Swagat Rathod | #ARRivedSeries,2018-12-19,246963,106,3381,Dec
126,Recording Studio | Sam Chandel | #ARRivedSeries,2018-12-19,83103,45,770,Dec
127,Recording Studio | Sarthak Kalyani | #ARRivedSeries,2018-12-19,138916,36,1389,Dec
128,Recording Studio | Deepakshi Kalita | #ARRivedSeries,2018-12-19,74917,11,408,Dec
129,A. R. Rahman | Antara Nandy | Performer Of The Day | #ARRivedSeries,2018-12-18,2325948,617,31724,Dec
130,A. R. Rahman | Ajay Tiwari | Performer Of The Day | #ARRivedSeries,2018-12-18,208741,63,2186,Dec
131,A. R. Rahman | Shazi Ahmad | Performer Of The Day | #ARRivedSeries,2018-12-18,944856,2397,11333,Dec
132,Amrita Talukder | Chal Yun Karen | Official Music Video | #ARRivedSeries,2018-12-18,3980344,185,3343,Dec
133,Swagat Rathod | Sarthak Kalyani | Rab Hai Mera | Official Music Video | #ARRivedSeries,2018-12-18,3960517,486,11650,Dec
134,"Ep 13 | A. R. Rahman, Clinton Cerejo, Shaan, Vidya Vox  | #ARRivedSeries",2018-12-18,0,112,985,Dec
135,"Ep 13 | A. R. Rahman, Clinton Cerejo, Shaan, Vidya Vox  | #ARRivedSeries",2018-12-18,3073357,3990,7318,Dec
136,Recording Studio | Ajay Tiwari | #ARRivedSeries,2018-12-18,72372,23,414,Dec
137,Recording Studio | Swagat Rathod | #ARRivedSeries,2018-12-18,132299,55,1340,Dec
138,A. R. Rahman | Sarthak Kalyani | Performer Of The Day | #ARRivedSeries,2018-12-17,252158,90,2667,Dec
139,A. R. Rahman | Deepakshi Kalita | Performer Of The Day | #ARRivedSeries,2018-12-17,145927,76,1855,Dec
140,A. R. Rahman | Shazi Ahmad | Performer Of The Day | #ARRivedSeries,2018-12-17,123616,28,1125,Dec
141,"Ep 12 | A. R. Rahman, Clinton Cerejo, Shaan, Vidya Vox  | #ARRivedSeries",2018-12-17,675503,3044,7001,Dec
142,"Ep 12 | A. R. Rahman, Clinton Cerejo, Shaan, Vidya Vox  | #ARRivedSeries",2018-12-17,0,56,645,Dec
143,Recording Studio | Madhur Dhir | #ARRivedSeries,2018-12-15,93188,41,887,Dec
144,Recording Studio | Antara Nandy | #ARRivedSeries,2018-12-15,97572,27,1002,Dec
145,A. R. Rahman | Amrita Talukder | Performer Of The Day | #ARRivedSeries,2018-12-14,1201756,387,11654,Dec
146,A. R. Rahman | Sam Chandel | Performer Of The Day | #ARRivedSeries,2018-12-14,113130,44,1498,Dec
147,A. R. Rahman | Pooja Tiwari | Performer Of The Day | #ARRivedSeries,2018-12-14,127161,55,1341,Dec
148,"Ep 11 | A. R. Rahman, Clinton Cerejo, Shaan, Vidya Vox  | #ARRivedSeries",2018-12-14,3428393,3509,21938,Dec
149,"Ep 11 | A. R. Rahman, Clinton Cerejo, Shaan, Vidya Vox  | #ARRivedSeries",2018-12-14,0,73,918,Dec
150,Recording Studio | Antara Nandy | #ARRivedSeries,2018-12-14,479042,189,11871,Dec
151,Recording Studio | Pooja Tiwari | #ARRivedSeries,2018-12-14,154108,30,1489,Dec
152,Recording Studio | Ajay Tiwari | #ARRivedSeries,2018-12-14,121925,69,1363,Dec
153,Recording Studio | Madhur Dhir | #ARRivedSeries,2018-12-14,58091,11,217,Dec
154,A. R. Rahman | Swagat Rathod | Performer Of The Day | #ARRivedSeries,2018-12-13,268782,121,3878,Dec
155,"Ep 10 | A. R. Rahman, Clinton Cerejo, Shaan, Vidya Vox  | #ARRivedSeries",2018-12-13,0,54,869,Dec
156,"Ep 10 | A. R. Rahman, Clinton Cerejo, Shaan, Vidya Vox  | #ARRivedSeries",2018-12-13,1649944,3420,6260,Dec
157,Recording Studio | Shazi Ahmad | #ARRivedSeries,2018-12-13,95948,27,667,Dec
158,Recording Studio | Dipakshi Kalita | #ARRivedSeries,2018-12-13,66749,26,361,Dec
159,Recording Studio | Amrita Talukder | #ARRivedSeries,2018-12-13,108553,26,717,Dec
160,Recording Studio | Sam Chandel | #ARRivedSeries,2018-12-13,146994,75,1784,Dec
161,Colonial Cousins - Krishna | A. R. Rahman | Sarthak Kalyani | #ARRivedSeries,2018-12-12,2409311,1560,36429,Dec
162,"Ep 9 | A. R. Rahman, Clinton Cerejo, Shaan, Vidya Vox  |#ARRivedSeries",2018-12-12,0,104,1550,Dec
163,"Ep 9 | A. R. Rahman Clinton Cerejo, Shaan, Vidya Vox  |#ARRivedSeries",2018-12-12,3519103,3009,17966,Dec
164,Recording Studio | Madhur Dhir | #ARRivedSeries,2018-12-12,62064,11,208,Dec
165,Recording Studio | Shazi Ahmad | #ARRivedSeries,2018-12-12,71119,9,209,Dec
166,A. R. Rahman | Swagat Rathod | Performer Of The Day | #ARRivedSeries,2018-12-11,245437,85,2425,Dec
167,A. R. Rahman | Amrita Talukder | Performer Of The Day | #ARRivedSeries,2018-12-11,329210,205,4519,Dec
168,A. R. Rahman | Antara Nandy | Performer Of The Day | #ARRivedSeries,2018-12-11,225628,88,3897,Dec
169,"Ep 8 | A. R. Rahman, Clinton Cerejo, Shaan, Vidya Vox  | #ARRivedSeries",2018-12-11,9643632,3771,25785,Dec
170,"Ep 8 | A. R. Rahman, Clinton Cerejo, Shaan, Vidya Vox  | #ARRivedSeries",2018-12-11,0,83,1493,Dec
171,Recording Studio | Ajay Tiwari | #ARRivedSeries,2018-12-11,225618,28,716,Dec
172,Recording Studio | Deepakshi Kalita | #ARRivedSeries,2018-12-11,58615,18,309,Dec
173,Recording Studio | Sarthak Kalyani | #ARRivedSeries,2018-12-11,405947,127,4809,Dec
174,Recording Studio | Sam Chandel | #ARRivedSeries,2018-12-11,80223,33,881,Dec
175,A. R. Rahman | Pooja Tiwari | Performer Of The Day | #ARRivedSeries,2018-12-10,439991,132,4281,Dec
176,"Ep 7 | A. R. Rahman, Clinton Cerejo, Shaan, Vidya Vox  | #ARRivedSeries",2018-12-10,0,111,3993,Dec
177,"Ep 7 | A. R. Rahman, Clinton Cerejo, Shaan, Vidya Vox  | #ARRivedSeries",2018-12-10,18259219,5309,57916,Dec
178,Bootcamp | Sudhanshu & Yash | Safar - Jab Harry Met Sejal | #ARRivedSeries,2018-12-09,208962,32,375,Dec
179,Bootcamp | Yashika & Priyasmita | Chikni Chameli - Agneepath | #ARRivedSeries,2018-12-09,137756,32,509,Dec
180,Bootcamp | Shivam & Unnati | Zehnaseeb - Hasee Toh Phasee | #ARRivedSeries,2018-12-08,217304,38,895,Dec
181,Bootcamp | Anurag & Sanish | Yaaron Dosti - Pal | #ARRivedSeries,2018-12-08,212964,5,270,Dec
182,Bootcamp | Altaf & Mugdha | Luka Chuppi - Rang De Basanti | #ARRivedSeries,2018-12-08,321821,80,3021,Dec
183,A. R. Rahman | Sarthak Kalyani | Performer Of The Day | #ARRivedSeries,2018-12-08,366900,104,3874,Dec
184,One Heart Tour | Bengaluru | Official Promo Video,2018-12-08,57754,78,2481,Dec
185,"Ep 6 | A. R. Rahman, Clinton Cerejo, Shaan, Vidya Vox  | #ARRivedSeries",2018-12-07,1164681,2501,4625,Dec
186,"Ep 6 | A. R. Rahman, Clinton Cerejo, Shaan, Vidya Vox  | #ARRivedSeries",2018-12-07,0,52,543,Dec
187,A. R. Rahman | Amrita Talukder | Performer Of The Day | #ARRivedSeries,2018-12-07,328069,102,2123,Dec
188,"Ep 5 | A. R. Rahman, Clinton Cerejo, Shaan, Vidya Vox  | #ARRivedSeries",2018-12-06,0,45,515,Dec
189,"Ep 5 | A. R. Rahman, Clinton Cerejo, Shaan, Vidya Vox  | #ARRivedSeries",2018-12-06,439216,2603,5620,Dec
190,Jai Hind India | Hockey World Cup 2018 | Official Video |  A. R. Rahman | Shah Rukh Khan,2018-12-05,14443866,6365,193691,Dec
191,Bootcamp | Dipakshi & Nikhil | Iktara - Wake Up Sid | #ARRivedSeries,2018-12-02,340039,56,906,Dec
192,Bootcamp | Pavithra & Ajay | Tere Bina - Guru | #ARRivedSeries,2018-12-01,270348,42,2181,Dec
193,Bootcamp | Shazi & Surbhi | Ali More Angana | #ARRivedSeries,2018-11-30,305738,53,1251,Nov
194,A. R. Rahman | Antara Nandy & Pooja Tiwari | Performers Of The Day | #ARRivedSeries,2018-11-29,1788716,593,36657,Nov
195,"Ep 4 | A. R. Rahman, Clinton Cerejo, Shaan, Vidya Vox  | #ARRivedSeries",2018-11-29,1379074,2763,8792,Nov
196,"Ep 4 | A. R. Rahman, Clinton Cerejo, Shaan, Vidya Vox  | #ARRivedSeries",2018-11-29,126018,73,904,Nov
197,ARRived Audition | Swagat Rathod | #ARRivedSeries,2018-11-28,153863,101,1219,Nov
198,ARRived Audition | Shazi Ahmad | #ARRivedSeries,2018-11-28,73010,45,809,Nov
199,"Official Trailer | A. R. Rahman, Clinton Cerejo, Shaan, Vidya Vox  | #ARRivedSeries",2018-11-28,720430,2392,1359,Nov
200,ARRived Audition | Prashant Nazumdar | #ARRivedSeries,2018-11-27,54454,27,476,Nov
201,ARRived Audition | Tanu Saxena | #ARRivedSeries,2018-11-27,62557,22,289,Nov
202,ARRived Audition | Amrita Talukder | #ARRivedSeries,2018-11-27,67075,24,460,Nov
203,ARRived Audition | Altaf Shajudeen | #ARRivedSeries,2018-11-27,53569,11,314,Nov
204,ARRived Audition | Pooja Tiwari | #ARRivedSeries,2018-11-27,65297,43,674,Nov
205,ARRived Audition | Dipakshi Kalita | #ARRivedSeries,2018-11-27,49892,20,241,Nov
206,ARRived Audition | Divyam Sodhi | #ARRivedSeries,2018-11-26,67958,62,845,Nov
207,ARRived Audition | Kunal Singh | #ARRivedSeries,2018-11-26,51887,19,213,Nov
208,ARRived Audition | Unnati Shah | #ARRivedSeries,2018-11-26,72954,28,630,Nov
209,ARRived Audition | Yashika Sikka | #ARRivedSeries,2018-11-26,61472,26,367,Nov
210,ARRived Audition | Sanchari Lah | #ARRivedSeries,2018-11-26,51021,8,99,Nov
211,ARRived Audition | Anushree Gupta | #ARRivedSeries,2018-11-26,48786,17,189,Nov
212,ARRived Audition | Ruhaan Bharadwaj | #ARRivedSeries,2018-11-26,82796,173,3076,Nov
213,ARRived Audition | Sudhanshu Gaur | #ARRivedSeries,2018-11-26,50109,27,181,Nov
214,ARRived Audition | Madhur Dhir | #ARRivedSeries,2018-11-26,58169,37,568,Nov
215,ARRived Audition | Anurag Mohapatra | #ARRivedSeries,2018-11-26,51436,16,259,Nov
216,Bootcamp | Nandinee & Swagat | Saibo - Shor In The City | #ARRivedSeries,2018-11-25,391377,125,2915,Nov
217,Bootcamp | Tejinder & Jaywardhan | O Saiyyan - Agneepath | #ARRivedSeries,2018-11-24,286206,85,1867,Nov
218,Bootcamp | Madhur & Jaya | Zara Sa - Jannat | #ARRivedSeries,2018-11-23,290420,118,2021,Nov
219,A. R. Rahman | Sam Chandel | Performer of the day | #ARRivedSeries,2018-11-22,518824,335,10284,Nov
220,"Ep 3 | A. R. Rahman, Clinton Cerejo, Shaan, Vidya Vox  | #ARRivedSeries",2018-11-22,0,83,967,Nov
221,"Ep 3 | A. R. Rahman, Clinton Cerejo, Shaan, Vidya Vox  | #ARRivedSeries",2018-11-22,1872451,2968,10172,Nov
222,Jai Hind India | Hook Step Challenge | A.R. Rahman,2018-11-21,297544,365,12735,Nov
223,Judges Reaction | Sam Chandel | #ARRivedSeries,2018-11-20,202711,20,1220,Nov
224,Judges Reaction | Shivam Mishra | #ARRivedSeries,2018-11-20,206255,27,655,Nov
225,Judges Reaction | Amrita Talukder | #ARRivedSeries,2018-11-19,340124,44,431,Nov
226,Judges Reaction | Divyam Sodhi | #ARRivedSeries,2018-11-19,241263,35,539,Nov
227,Jai Hind India | Hockey World Cup 2018 | Promo |  A. R. Rahman | Shah Rukh Khan,2018-11-18,998550,1374,37887,Nov
228,Judges Reaction | Jaya Rohilla | #ARRivedSeries,2018-11-18,319767,35,684,Nov
229,Judges Reaction | Supriya Lohit & Pavithra Balajee | #ARRivedSeries,2018-11-18,355064,37,433,Nov
230,ARRived Audition | Elizabeth Kalai | #ARRivedSeries,2018-11-17,224042,194,5224,Nov
231,ARRived Audition | Nikhil Shetty | #ARRivedSeries,2018-11-17,90251,13,169,Nov
232,ARRived Audition | Sarthak Kalyani | #ARRivedSeries,2018-11-17,136250,67,962,Nov
233,ARRived Audition | Surbhi Deshputra  | #ARRivedSeries,2018-11-17,118283,26,639,Nov
234,ARRived Audition | Abdul Shaikh | #ARRivedSeries,2018-11-17,118796,65,860,Nov
235,ARRived Audition | Rashmi Roy Chaudhary | #ARRivedSeries,2018-11-17,94149,49,313,Nov
236,ARRived Audition | Sanish Nair | #ARRivedSeries,2018-11-17,82256,41,613,Nov
237,ARRived Audition | Priyashmita Gosh | #ARRivedSeries,2018-11-17,88644,31,284,Nov
238,ARRived Audition | Tajinder Singh | #ARRivedSeries,2018-11-17,96732,30,454,Nov
239,ARRived Audition | Amit Mandal | #ARRivedSeries,2018-11-17,94046,6,181,Nov
240,ARRived Audition | Shruti Iyer | #ARRivedSeries,2018-11-17,193930,20,219,Nov
241,ARRived Audition | Yash Kapoor | #ARRivedSeries,2018-11-17,115241,29,484,Nov
242,ARRived Audition | Trishita Mitra | #ARRivedSeries,2018-11-17,84038,8,90,Nov
243,ARRived Audition | Antara Nandy | #ARRivedSeries,2018-11-16,304425,107,4021,Nov
244,ARRived Audition | Jaywardhan Dadhich | #ARRivedSeries,2018-11-16,88116,64,559,Nov
245,ARRived Audition | Jaya Rohilla | #ARRivedSeries,2018-11-16,169656,90,1234,Nov
246,ARRived Audition | Shivam Mishra | #ARRivedSeries,2018-11-16,208419,45,780,Nov
247,ARRived Audition | Sagar Phadke | #ARRivedSeries,2018-11-16,188652,17,246,Nov
248,ARRived Audition | Ajay Tiwari | #ARRivedSeries,2018-11-16,143335,69,993,Nov
249,ARRived Audition | Sam Chandel | #ARRivedSeries,2018-11-16,137385,54,932,Nov
250,ARRived Audition | Sapna Pathak | #ARRivedSeries,2018-11-16,122176,18,295,Nov
251,ARRived Audition | Pavithra Balajee | #ARRivedSeries,2018-11-16,188562,23,337,Nov
252,ARRived Audition | Prabhuda Lokhande | #ARRivedSeries,2018-11-16,149348,109,1865,Nov
253,ARRived Audition | Manas Arora | #ARRivedSeries,2018-11-16,132924,38,382,Nov
254,ARRived Audition | Mugdha Hasabnis | #ARRivedSeries,2018-11-16,294194,211,3436,Nov
255,ARRived Audition | Nandinee Sarkaar | #ARRivedSeries,2018-11-16,134878,104,835,Nov
256,ARRived Audition | Anurag Naik | #ARRivedSeries,2018-11-16,142535,81,1108,Nov
257,"Ep 2 | A. R. Rahman, Clinton Cerejo, Shaan, Vidya Vox  | #ARRivedSeries",2018-11-15,0,126,889,Nov
258,"Ep 2 | A. R. Rahman, Clinton Cerejo, Shaan, Vidya Vox  | #ARRivedSeries",2018-11-15,2128182,3591,8421,Nov
259,Undefeated Triumph Of Nithila | A Short Film I A. R. Rahman,2018-11-14,153346,332,8933,Nov
260,Judges Reaction | Sanish Nair | #ARRivedSeries,2018-11-12,398996,71,2604,Nov
261,Judges Reaction | Nandinee Sarkar | #ARRivedSeries,2018-11-12,192086,88,1459,Nov
262,Judges Reaction | Altaf Shajudeen | #ARRivedSeries,2018-11-11,325279,84,2718,Nov
263,Judges Reaction | Antara Nandy  | #ARRivedSeries,2018-11-11,468453,114,3739,Nov
264,"Ep 1 | A. R. Rahman, Clinton Cerejo, Shaan, Vidya Vox  | #ARRivedSeries",2018-11-07,0,148,2468,Nov
265,"Ep 1 | A. R. Rahman, Clinton Cerejo, Shaan, Vidya Vox  | #ARRivedSeries",2018-11-07,2576995,3992,26255,Nov
266,"ARRived | Anthem | A. R. Rahman, Shah Rukh Khan, Clinton Cerejo, Shaan, Vidya Vox",2018-11-05,24646541,6786,153756,Nov
267,"In conversation with music, movies and all things that matter to us !",2018-11-05,0,0,1,Nov
268,"Meet the Voice behind ""Mujhe Chaand Pe Le Chalo"" from Sanju |  A. R. RAHMAN",2018-07-27,73161,64,1234,Jul
269,"Meet the Voices behind ""Ruby Ruby"" from Sanju |  A. R. RAHMAN",2018-07-09,142245,108,2987,Jul
270,2018 North America Tour promo,2018-05-19,120017,151,3478,May
271,"Thank You, Jury members of the National Film Awards, Friends, Well-Wishers and Members of the Media.",2018-04-13,18015,59,780,Apr
272,"Thank You, Jury members of the National Film Awards, Friends, Well-Wishers and Members of the Media.",2018-04-13,24434,132,1349,Apr
273,ARRahmanVEVO Live Stream,2017-11-16,0,0,2,Nov
274,One Heart - The A.R.Rahman Concert Film (Trailer),2017-07-15,394714,220,8350,Jul
275,LeMusk Teaser - A.R. Rahman,2017-01-01,350946,142,5243,Jan
276,Jammin' - Yaara by A.R. Rahman | Anthem #JamminNow,2016-11-10,4715730,1440,53244,Nov
277,Pel√© | 'Ginga' Official Music Video | A. R. Rahman Ft. Anna Beatriz,2016-05-12,4845542,2648,81165,May
278,Ghanan Ghanan - Official Music Video by NAFS,2016-01-20,288143,0,3051,Jan
279,"Nenje Ezhu -  Humanity, above all divisions",2015-12-26,97597,66,2747,Dec
280,Tauba Tauba - Official Music Video By NAFS,2015-08-14,679570,109,2062,Aug
281,Making of Sulthan ad,2015-05-16,57072,16,933,May
282,A.R.Rahman - The Intimate Concert (North America Live Tour 2015),2015-03-01,76867,44,537,Mar
283,NAFS - The Band,2015-01-06,64518,26,514,Jan
284,Navaratna Album Diwali Song Teaser,2014-10-22,29929,6,302,Oct
285,A R Rahman - Official App Launch [Special Message],2014-08-14,24164,16,349,Aug
286,Afreen - The Hundred Foot Journey | Official A.R.Rahman,2014-08-12,783154,292,4947,Aug
287,Mitwa - Lagaan | Udit Narayan | Live-in Concert Bangladesh 2014,2014-07-01,2604698,316,12234,Jul
288,Radha Kaise Na Jale - Lagaan | Live-in Concert Bangladesh 2014,2014-06-24,547335,97,2260,Jun
289,Guru - Tere Bina | A. R. Rahman | Live-in Concert Bangladesh 2014,2014-06-17,8146753,598,102931,Jun
290,Kya Karein Kya Na Karein - Rangeela | Udit Narayan | Live-in Concert Bangladesh 2014,2014-06-10,264724,34,2257,Jun
291,Tu Mun Shudi | Live-in Concert Bangladesh | Official A R Rahman HD,2014-05-02,144548,0,0,May
292,Raunaq Song Recording | Official A R Rahman HD,2014-05-01,119671,36,763,May
293,Raunaq | A conversation of music and poetry | Official A R Rahman HD,2014-02-28,159289,51,1270,Feb
294,Infinite Love | Music | Official A R  Rahman HD,2014-02-14,17714,5,164,Feb
295,Infinite Love | Moral Code | Official A R  Rahman HD,2014-02-07,9757,2,96,Feb
296,Raunaq | Official A R Rahman HD,2014-02-06,108761,0,0,Feb
297,Infinite Love | Karma | Official A R Rahman HD,2014-01-31,19842,9,174,Jan
298,Infinite Love | Human | Official A R  Rahman HD,2014-01-24,9780,6,95,Jan
299,A.R. Rahman's Official YouTube Channel Promo,2014-01-07,32015,22,408,Jan
300,Infinite Love Borders | Official A.R. Rahman HD,2014-01-01,17520,7,163,Jan
301,Official A.R.Rahman Introducing The Sunshine Orchestra,2013-07-21,377228,411,5626,Jul
302,‡Æ∞‡Æö‡Ææ‡ÆØ‡Æ© ‡Æ∞‡Øã‡Æú‡Ææ‡Æï‡Øç‡Æï‡Æ≥‡Øç,2013-01-18,140095,84,1114,Jan
303,Infinite Love Behind The Scenes - Director's Take,2012-12-20,36434,4,133,Dec
304,Infinite Love Behind The Scenes - Countries,2012-12-20,25550,15,185,Dec
305,Infinite Love Behind The Scenes | Official A.R.Rahman HD,2012-12-20,22844,4,142,Dec
306,Behad Pyaar | Infinite Love | Official A.R.Rahman HD (Hindi),2012-12-20,259856,182,2433,Dec
307,Infinite Love | Official A.R.Rahman HD (English),2012-12-20,1417520,928,15877,Dec
308,A song from India to the World,2012-12-19,154001,84,1071,Dec
309,Join Hands With Me | Official A.R.Rahman HD,2012-11-05,96275,52,1101,Nov
310,An invitation from A.R.Rahman (Part 1) | Official A.R.Rahman HD,2012-10-17,183198,105,1291,Oct
311,Nimma Nimma Jogiya - London 2012,2012-07-30,16718,18,143,Jul
312,Babelsberg Classic Incantations,2012-01-10,68623,36,423,Jan
313,Thanks for the wishes,2012-01-06,152600,92,709,Jan
314,Rockstar | Naadaan Parindey | Official A.R.Rahman HD,2011-11-08,15473310,5677,237464,Nov
315,Changing Seasons | Official A.R.Rahman HD (Tamil),2011-01-19,389498,248,4028,Jan
316,Changing Seasons | Official A.R.Rahman HD (Hindi),2011-01-18,213897,118,1183,Jan
317,Infinite Love (Official Teaser) | Official A.R.Rahman HD,2011-01-04,72571,26,203,Jan
318,A.R.Rahman Live in South Africa,2010-10-03,18692,4,59,Oct
319,KMMC Piano video.mp4,2010-09-03,20343,49,504,Sep
320,North America - Jai Ho once again,2010-08-27,24432,6,118,Aug
321,"Jai Ho, Vancouver",2010-08-25,10226,2,40,Aug
322,"Jai Ho, San Francisco",2010-08-16,7317,5,0,Aug
323,"Jai Ho, Los Angeles",2010-08-06,11276,3,62,Aug
324,Thank you UK,2010-07-30,10241,3,88,Jul
325,Sontha veedu unnai vaa endru azhaikkuthuda tamizha,2010-06-19,30486,11,307,Jun
326,The Journey Starts,2010-06-12,10884,3,153,Jun
327,Introducing Malachi,2010-06-09,13169,5,132,Jun
328,Leaked video,2010-06-09,22411,18,326,Jun
329,The Jai Ho Tour,2010-06-09,16898,5,166,Jun
330,Jai Ho The Journey Home World Tour 2010 | Official A.R.Rahman HD,2010-06-09,12104,9,146,Jun
331,The Jai Ho Festival | Official A.R.Rahman,2010-06-07,30824,51,484,Jun
332,"A.R. Rahman, The Pussycat Dolls - Jai Ho (You Are My Destiny) ft. Nicole Scherzinger",2009-10-05,262175176,42581,1287745,Oct
